cement,slag,ash,water,superplastic,coarseagg,fineagg,age,water_cement_ratio,total_binder,aggregate_to_cement,cement_water_interaction,age_strength_proxy,predicted_strength_MPa
400.0,80.0,10.0,160.0,7.0,1150.0,800.0,30.0,0.4,490.0,4.875,64000.0,2190.8902300206646,58.50866888888892
360.0,40.0,0.0,175.0,4.0,1150.0,720.0,28.0,0.4861111111111111,400.0,5.194444444444445,63000.0,1904.9409439665053,50.34509999999996
280.0,0.0,0.0,190.0,0.0,1200.0,800.0,14.0,0.6785714285714286,280.0,7.142857142857143,53200.0,1047.6640682967036,27.831666666666667
470.0,0.0,0.0,228.0,0.0,932.0,584.0,28.0,0.4851063829787234,470.0,3.225531914893617,107160.0,2487.0062324007154,40.197133333333404
326.5,0.0,137.9,199.0,10.8,801.1,729.5,28.0,0.6094946401225115,464.4,4.687901990811638,64973.5,1727.6756061251776,46.257433333333395
166.8,250.2,0.0,203.5,0.0,975.6,692.6,90.0,1.2200239808153477,417.0,10.001199040767386,33943.8,1582.403741148257,50.2806333333333
